precision,recall,accuracy,f1,avg_num_rules,fold_metrics
0.6310316907751212,0.9208994708961576,0.7128415300546449,0.747369268251081,5.4,"[{'precision': 0.6086956521725898, 'recall': 0.9999999999964286, 'accuracy': 0.7049180327868853, 'f1': 0.7567567567567568, 'num_rules': 4}, {'precision': 0.7142857142836734, 'recall': 0.8928571428539541, 'accuracy': 0.7868852459016393, 'f1': 0.7936507936507937, 'num_rules': 7}, {'precision': 0.5813953488358572, 'recall': 0.8928571428539541, 'accuracy': 0.6557377049180327, 'f1': 0.7042253521126761, 'num_rules': 4}, {'precision': 0.6410256410239974, 'recall': 0.9259259259224967, 'accuracy': 0.7333333333333333, 'f1': 0.7575757575757577, 'num_rules': 5}, {'precision': 0.6097560975594883, 'recall': 0.8928571428539541, 'accuracy': 0.6833333333333333, 'f1': 0.7246376811594203, 'num_rules': 7}]"
